-- 1. CLEAR OLD TABLES IF THEY EXIST
DROP TABLE IF EXISTS medical_history CASCADE;
DROP TABLE IF EXISTS doctors CASCADE;
DROP TABLE IF EXISTS patients CASCADE;

-- 2. CREATE TABLES
CREATE TABLE patients (
    id UUID PRIMARY KEY DEFAULT uuid_generate_v4(),
    name TEXT NOT NULL,
    aadhar_no TEXT UNIQUE NOT NULL,
    mobile_no TEXT NOT NULL,
    state TEXT,
    city TEXT,
    district TEXT,
    password TEXT NOT NULL,
    created_at TIMESTAMP WITH TIME ZONE DEFAULT TIMEZONE('utc'::text, NOW())
);

CREATE TABLE doctors (
    id UUID PRIMARY KEY DEFAULT uuid_generate_v4(),
    name TEXT NOT NULL,
    aadhar_no TEXT UNIQUE NOT NULL,
    mobile_no TEXT NOT NULL,
    state TEXT,
    city TEXT,
    district TEXT,
    password TEXT NOT NULL,
    hospital_name TEXT NOT NULL,
    specialization TEXT DEFAULT 'General Physician',
    created_at TIMESTAMP WITH TIME ZONE DEFAULT TIMEZONE('utc'::text, NOW())
);

CREATE TABLE medical_history (
    id UUID PRIMARY KEY DEFAULT uuid_generate_v4(),
    patient_name TEXT NOT NULL,
    patient_aadhar_no TEXT REFERENCES patients(aadhar_no) ON DELETE CASCADE,
    doctor_aadhar_no TEXT REFERENCES doctors(aadhar_no) ON DELETE SET NULL,
    doctor_name TEXT NOT NULL,
    hospital_name TEXT NOT NULL,
    past_medical_record TEXT NOT NULL,
    prescription TEXT,
    created_at TIMESTAMP WITH TIME ZONE DEFAULT TIMEZONE('utc'::text, NOW())
);

-- 3. INSERT SPECIALIST DOCTORS (across Indian cities)
INSERT INTO doctors (name, aadhar_no, mobile_no, state, city, district, password, hospital_name, specialization)
VALUES 
('Dr. Anjali Sharma',     '9001', '9998887776', 'Maharashtra',    'Mumbai',       'Mumbai',       'anjali123',  'Apollo General Hospital',       'General Physician'),
('Dr. Vikram Mehta',      '9002', '9998887777', 'Maharashtra',    'Mumbai',       'Mumbai',       'vikram123',  'Lilavati Hospital',             'Infectious Disease'),
('Dr. Priya Deshmukh',    '9003', '9998887778', 'Maharashtra',    'Pune',         'Pune',         'priya123',   'Sahyadri Hospital',             'Pulmonology'),
('Dr. Rajesh Iyer',       '9004', '9998887779', 'Delhi',          'New Delhi',    'New Delhi',    'rajesh123',  'AIIMS New Delhi',               'Infectious Disease'),
('Dr. Sunita Reddy',      '9005', '9998887780', 'Telangana',      'Hyderabad',    'Hyderabad',    'sunita123',  'NIMS Hyderabad',                'Gastroenterology'),
('Dr. Arun Kapoor',       '9006', '9998887781', 'Tamil Nadu',     'Chennai',      'Chennai',      'arun123',    'Apollo Chennai',                'Dermatology'),
('Dr. Meera Nair',        '9007', '9998887782', 'Karnataka',      'Bengaluru',    'Bengaluru',    'meera123',   'Manipal Hospital Bangalore',    'Pulmonology'),
('Dr. Sanjay Gupta',      '9008', '9998887783', 'West Bengal',    'Kolkata',      'Kolkata',      'sanjay123',  'AMRI Hospital Kolkata',         'Infectious Disease'),
('Dr. Kavita Joshi',      '9009', '9998887784', 'Gujarat',        'Ahmedabad',    'Ahmedabad',    'kavita123',  'Sterling Hospital Ahmedabad',   'Gastroenterology'),
('Dr. Amit Patel',        '9010', '9998887785', 'Rajasthan',      'Jaipur',       'Jaipur',       'amit123',    'SMS Hospital Jaipur',           'Dermatology'),
('Dr. Neha Singh',        '9011', '9998887786', 'Uttar Pradesh',  'Lucknow',      'Lucknow',      'neha123',    'KGMU Lucknow',                  'Pulmonology'),
('Dr. Ravi Shankar',      '9012', '9998887787', 'Bihar',          'Patna',        'Patna',        'ravi123',    'PMCH Patna',                    'Infectious Disease');

-- 4. INSERT 50 PATIENTS
INSERT INTO patients (name, aadhar_no, mobile_no, state, city, district, password) VALUES
('Patient 0', '1000', '9876543210', 'Maharashtra', 'Mumbai', 'Mumbai', 'pass123'),
('Patient 1', '1001', '9876543210', 'Gujarat', 'Ahmedabad', 'Ahmedabad', 'pass123'),
('Patient 2', '1002', '9876543210', 'Delhi', 'New Delhi', 'New Delhi', 'pass123'),
('Patient 3', '1003', '9876543210', 'Tamil Nadu', 'Chennai', 'Chennai', 'pass123'),
('Patient 4', '1004', '9876543210', 'West Bengal', 'Kolkata', 'Kolkata', 'pass123'),
('Patient 5', '1005', '9876543210', 'Karnataka', 'Bengaluru', 'Bengaluru', 'pass123'),
('Patient 6', '1006', '9876543210', 'Telangana', 'Hyderabad', 'Hyderabad', 'pass123'),
('Patient 7', '1007', '9876543210', 'Maharashtra', 'Pune', 'Pune', 'pass123'),
('Patient 8', '1008', '9876543210', 'Rajasthan', 'Jaipur', 'Jaipur', 'pass123'),
('Patient 9', '1009', '9876543210', 'Gujarat', 'Surat', 'Surat', 'pass123'),
('Patient 10', '1010', '9876543210', 'Uttar Pradesh', 'Lucknow', 'Lucknow', 'pass123'),
('Patient 11', '1011', '9876543210', 'Uttar Pradesh', 'Kanpur', 'Kanpur', 'pass123'),
('Patient 12', '1012', '9876543210', 'Maharashtra', 'Nagpur', 'Nagpur', 'pass123'),
('Patient 13', '1013', '9876543210', 'Madhya Pradesh', 'Indore', 'Indore', 'pass123'),
('Patient 14', '1014', '9876543210', 'Maharashtra', 'Thane', 'Thane', 'pass123'),
('Patient 15', '1015', '9876543210', 'Madhya Pradesh', 'Bhopal', 'Bhopal', 'pass123'),
('Patient 16', '1016', '9876543210', 'Andhra Pradesh', 'Visakhapatnam', 'Visakhapatnam', 'pass123'),
('Patient 17', '1017', '9876543210', 'Maharashtra', 'Pimpri-Chinchwad', 'Pimpri-Chinchwad', 'pass123'),
('Patient 18', '1018', '9876543210', 'Bihar', 'Patna', 'Patna', 'pass123'),
('Patient 19', '1019', '9876543210', 'Gujarat', 'Vadodara', 'Vadodara', 'pass123'),
('Patient 20', '1020', '9876543210', 'Uttar Pradesh', 'Ghaziabad', 'Ghaziabad', 'pass123'),
('Patient 21', '1021', '9876543210', 'Punjab', 'Ludhiana', 'Ludhiana', 'pass123'),
('Patient 22', '1022', '9876543210', 'Uttar Pradesh', 'Agra', 'Agra', 'pass123'),
('Patient 23', '1023', '9876543210', 'Maharashtra', 'Nashik', 'Nashik', 'pass123'),
('Patient 24', '1024', '9876543210', 'Haryana', 'Faridabad', 'Faridabad', 'pass123'),
('Patient 25', '1025', '9876543210', 'Uttar Pradesh', 'Meerut', 'Meerut', 'pass123'),
('Patient 26', '1026', '9876543210', 'Gujarat', 'Rajkot', 'Rajkot', 'pass123'),
('Patient 27', '1027', '9876543210', 'Maharashtra', 'Kalyan-Dombivli', 'Kalyan-Dombivli', 'pass123'),
('Patient 28', '1028', '9876543210', 'Maharashtra', 'Vasai-Virar', 'Vasai-Virar', 'pass123'),
('Patient 29', '1029', '9876543210', 'Uttar Pradesh', 'Varanasi', 'Varanasi', 'pass123'),
('Patient 30', '1030', '9876543210', 'Jammu and Kashmir', 'Srinagar', 'Srinagar', 'pass123'),
('Patient 31', '1031', '9876543210', 'Maharashtra', 'Aurangabad', 'Aurangabad', 'pass123'),
('Patient 32', '1032', '9876543210', 'Jharkhand', 'Dhanbad', 'Dhanbad', 'pass123'),
('Patient 33', '1033', '9876543210', 'Punjab', 'Amritsar', 'Amritsar', 'pass123'),
('Patient 34', '1034', '9876543210', 'Maharashtra', 'Navi Mumbai', 'Navi Mumbai', 'pass123'),
('Patient 35', '1035', '9876543210', 'Uttar Pradesh', 'Allahabad', 'Allahabad', 'pass123'),
('Patient 36', '1036', '9876543210', 'Jharkhand', 'Ranchi', 'Ranchi', 'pass123'),
('Patient 37', '1037', '9876543210', 'West Bengal', 'Howrah', 'Howrah', 'pass123'),
('Patient 38', '1038', '9876543210', 'Tamil Nadu', 'Coimbatore', 'Coimbatore', 'pass123'),
('Patient 39', '1039', '9876543210', 'Madhya Pradesh', 'Jabalpur', 'Jabalpur', 'pass123'),
('Patient 40', '1040', '9876543210', 'Madhya Pradesh', 'Gwalior', 'Gwalior', 'pass123'),
('Patient 41', '1041', '9876543210', 'Andhra Pradesh', 'Vijayawada', 'Vijayawada', 'pass123'),
('Patient 42', '1042', '9876543210', 'Rajasthan', 'Jodhpur', 'Jodhpur', 'pass123'),
('Patient 43', '1043', '9876543210', 'Tamil Nadu', 'Madurai', 'Madurai', 'pass123'),
('Patient 44', '1044', '9876543210', 'Chhattisgarh', 'Raipur', 'Raipur', 'pass123'),
('Patient 45', '1045', '9876543210', 'Rajasthan', 'Kota', 'Kota', 'pass123'),
('Patient 46', '1046', '9876543210', 'Chandigarh', 'Chandigarh', 'Chandigarh', 'pass123'),
('Patient 47', '1047', '9876543210', 'Assam', 'Guwahati', 'Guwahati', 'pass123'),
('Patient 48', '1048', '9876543210', 'Maharashtra', 'Solapur', 'Solapur', 'pass123'),
('Patient 49', '1049', '9876543210', 'Karnataka', 'Hubli-Dharwad', 'Hubli-Dharwad', 'pass123');

-- 5. INSERT 50 NLP EXTRACTABLE MEDICAL RECORDS
INSERT INTO medical_history (patient_name, patient_aadhar_no, doctor_aadhar_no, doctor_name, hospital_name, past_medical_record, prescription) VALUES
('Patient 0', '1000', '9001', 'Anjali Sharma', 'Apollo General Hospital', 'Patient presented with severe symptoms mapping to Malaria and early stage Dengue. Advised rest and hydration.', 'Generic medication prescribed.'),
('Patient 1', '1001', '9001', 'Anjali Sharma', 'Apollo General Hospital', 'Patient presented with severe symptoms mapping to Cholera. Advised rest and hydration.', 'Generic medication prescribed.'),
('Patient 2', '1002', '9001', 'Anjali Sharma', 'Apollo General Hospital', 'Patient presented with severe symptoms mapping to Chickenpox. Advised rest and hydration.', 'Generic medication prescribed.'),
('Patient 3', '1003', '9001', 'Anjali Sharma', 'Apollo General Hospital', 'Patient presented with severe symptoms mapping to Dengue. Advised rest and hydration.', 'Generic medication prescribed.'),
('Patient 4', '1004', '9001', 'Anjali Sharma', 'Apollo General Hospital', 'Patient presented with severe symptoms mapping to Tuberculosis and early stage Chickenpox. Advised rest and hydration.', 'Generic medication prescribed.'),
('Patient 5', '1005', '9001', 'Anjali Sharma', 'Apollo General Hospital', 'Patient presented with severe symptoms mapping to Malaria. Advised rest and hydration.', 'Generic medication prescribed.'),
('Patient 6', '1006', '9001', 'Anjali Sharma', 'Apollo General Hospital', 'Patient presented with severe symptoms mapping to Malaria. Advised rest and hydration.', 'Generic medication prescribed.'),
('Patient 7', '1007', '9001', 'Anjali Sharma', 'Apollo General Hospital', 'Patient presented with severe symptoms mapping to Cholera. Advised rest and hydration.', 'Generic medication prescribed.'),
('Patient 8', '1008', '9001', 'Anjali Sharma', 'Apollo General Hospital', 'Patient presented with severe symptoms mapping to Typhoid. Advised rest and hydration.', 'Generic medication prescribed.'),
('Patient 9', '1009', '9001', 'Anjali Sharma', 'Apollo General Hospital', 'Patient presented with severe symptoms mapping to Chickenpox and early stage Cholera. Advised rest and hydration.', 'Generic medication prescribed.'),
('Patient 10', '1010', '9001', 'Anjali Sharma', 'Apollo General Hospital', 'Patient presented with severe symptoms mapping to Tuberculosis. Advised rest and hydration.', 'Generic medication prescribed.'),
('Patient 11', '1011', '9001', 'Anjali Sharma', 'Apollo General Hospital', 'Patient presented with severe symptoms mapping to Tuberculosis. Advised rest and hydration.', 'Generic medication prescribed.'),
('Patient 12', '1012', '9001', 'Anjali Sharma', 'Apollo General Hospital', 'Patient presented with severe symptoms mapping to Typhoid and early stage Cholera. Advised rest and hydration.', 'Generic medication prescribed.'),
('Patient 13', '1013', '9001', 'Anjali Sharma', 'Apollo General Hospital', 'Patient presented with severe symptoms mapping to Tuberculosis. Advised rest and hydration.', 'Generic medication prescribed.'),
('Patient 14', '1014', '9001', 'Anjali Sharma', 'Apollo General Hospital', 'Patient presented with severe symptoms mapping to Dengue. Advised rest and hydration.', 'Generic medication prescribed.'),
('Patient 15', '1015', '9001', 'Anjali Sharma', 'Apollo General Hospital', 'Patient presented with severe symptoms mapping to Cholera. Advised rest and hydration.', 'Generic medication prescribed.'),
('Patient 16', '1016', '9001', 'Anjali Sharma', 'Apollo General Hospital', 'Patient presented with severe symptoms mapping to Cholera. Advised rest and hydration.', 'Generic medication prescribed.'),
('Patient 17', '1017', '9001', 'Anjali Sharma', 'Apollo General Hospital', 'Patient presented with severe symptoms mapping to Malaria. Advised rest and hydration.', 'Generic medication prescribed.'),
('Patient 18', '1018', '9001', 'Anjali Sharma', 'Apollo General Hospital', 'Patient presented with severe symptoms mapping to Typhoid. Advised rest and hydration.', 'Generic medication prescribed.'),
('Patient 19', '1019', '9001', 'Anjali Sharma', 'Apollo General Hospital', 'Patient presented with severe symptoms mapping to Tuberculosis. Advised rest and hydration.', 'Generic medication prescribed.'),
('Patient 20', '1020', '9001', 'Anjali Sharma', 'Apollo General Hospital', 'Patient presented with severe symptoms mapping to Dengue and early stage Tuberculosis. Advised rest and hydration.', 'Generic medication prescribed.'),
('Patient 21', '1021', '9001', 'Anjali Sharma', 'Apollo General Hospital', 'Patient presented with severe symptoms mapping to Cholera and early stage Dengue. Advised rest and hydration.', 'Generic medication prescribed.'),
('Patient 22', '1022', '9001', 'Anjali Sharma', 'Apollo General Hospital', 'Patient presented with severe symptoms mapping to Cholera and early stage Dengue. Advised rest and hydration.', 'Generic medication prescribed.'),
('Patient 23', '1023', '9001', 'Anjali Sharma', 'Apollo General Hospital', 'Patient presented with severe symptoms mapping to Typhoid and early stage Tuberculosis. Advised rest and hydration.', 'Generic medication prescribed.'),
('Patient 24', '1024', '9001', 'Anjali Sharma', 'Apollo General Hospital', 'Patient presented with severe symptoms mapping to Cholera. Advised rest and hydration.', 'Generic medication prescribed.'),
('Patient 25', '1025', '9001', 'Anjali Sharma', 'Apollo General Hospital', 'Patient presented with severe symptoms mapping to Dengue and early stage Cholera. Advised rest and hydration.', 'Generic medication prescribed.'),
('Patient 26', '1026', '9001', 'Anjali Sharma', 'Apollo General Hospital', 'Patient presented with severe symptoms mapping to Cholera. Advised rest and hydration.', 'Generic medication prescribed.'),
('Patient 27', '1027', '9001', 'Anjali Sharma', 'Apollo General Hospital', 'Patient presented with severe symptoms mapping to Cholera and early stage Chickenpox. Advised rest and hydration.', 'Generic medication prescribed.'),
('Patient 28', '1028', '9001', 'Anjali Sharma', 'Apollo General Hospital', 'Patient presented with severe symptoms mapping to Typhoid and early stage Cholera. Advised rest and hydration.', 'Generic medication prescribed.'),
('Patient 29', '1029', '9001', 'Anjali Sharma', 'Apollo General Hospital', 'Patient presented with severe symptoms mapping to Cholera. Advised rest and hydration.', 'Generic medication prescribed.'),
('Patient 30', '1030', '9001', 'Anjali Sharma', 'Apollo General Hospital', 'Patient presented with severe symptoms mapping to Cholera and early stage Chickenpox. Advised rest and hydration.', 'Generic medication prescribed.'),
('Patient 31', '1031', '9001', 'Anjali Sharma', 'Apollo General Hospital', 'Patient presented with severe symptoms mapping to Typhoid. Advised rest and hydration.', 'Generic medication prescribed.'),
('Patient 32', '1032', '9001', 'Anjali Sharma', 'Apollo General Hospital', 'Patient presented with severe symptoms mapping to Tuberculosis. Advised rest and hydration.', 'Generic medication prescribed.'),
('Patient 33', '1033', '9001', 'Anjali Sharma', 'Apollo General Hospital', 'Patient presented with severe symptoms mapping to Chickenpox. Advised rest and hydration.', 'Generic medication prescribed.'),
('Patient 34', '1034', '9001', 'Anjali Sharma', 'Apollo General Hospital', 'Patient presented with severe symptoms mapping to Typhoid. Advised rest and hydration.', 'Generic medication prescribed.'),
('Patient 35', '1035', '9001', 'Anjali Sharma', 'Apollo General Hospital', 'Patient presented with severe symptoms mapping to Tuberculosis and early stage Malaria. Advised rest and hydration.', 'Generic medication prescribed.'),
('Patient 36', '1036', '9001', 'Anjali Sharma', 'Apollo General Hospital', 'Patient presented with severe symptoms mapping to Typhoid and early stage Cholera. Advised rest and hydration.', 'Generic medication prescribed.'),
('Patient 37', '1037', '9001', 'Anjali Sharma', 'Apollo General Hospital', 'Patient presented with severe symptoms mapping to Tuberculosis. Advised rest and hydration.', 'Generic medication prescribed.'),
('Patient 38', '1038', '9001', 'Anjali Sharma', 'Apollo General Hospital', 'Patient presented with severe symptoms mapping to Chickenpox. Advised rest and hydration.', 'Generic medication prescribed.'),
('Patient 39', '1039', '9001', 'Anjali Sharma', 'Apollo General Hospital', 'Patient presented with severe symptoms mapping to Typhoid. Advised rest and hydration.', 'Generic medication prescribed.'),
('Patient 40', '1040', '9001', 'Anjali Sharma', 'Apollo General Hospital', 'Patient presented with severe symptoms mapping to Typhoid. Advised rest and hydration.', 'Generic medication prescribed.'),
('Patient 41', '1041', '9001', 'Anjali Sharma', 'Apollo General Hospital', 'Patient presented with severe symptoms mapping to Typhoid. Advised rest and hydration.', 'Generic medication prescribed.'),
('Patient 42', '1042', '9001', 'Anjali Sharma', 'Apollo General Hospital', 'Patient presented with severe symptoms mapping to Chickenpox and early stage Typhoid. Advised rest and hydration.', 'Generic medication prescribed.'),
('Patient 43', '1043', '9001', 'Anjali Sharma', 'Apollo General Hospital', 'Patient presented with severe symptoms mapping to Cholera and early stage Chickenpox. Advised rest and hydration.', 'Generic medication prescribed.'),
('Patient 44', '1044', '9001', 'Anjali Sharma', 'Apollo General Hospital', 'Patient presented with severe symptoms mapping to Dengue and early stage Malaria. Advised rest and hydration.', 'Generic medication prescribed.'),
('Patient 45', '1045', '9001', 'Anjali Sharma', 'Apollo General Hospital', 'Patient presented with severe symptoms mapping to Typhoid and early stage Tuberculosis. Advised rest and hydration.', 'Generic medication prescribed.'),
('Patient 46', '1046', '9001', 'Anjali Sharma', 'Apollo General Hospital', 'Patient presented with severe symptoms mapping to Dengue. Advised rest and hydration.', 'Generic medication prescribed.'),
('Patient 47', '1047', '9001', 'Anjali Sharma', 'Apollo General Hospital', 'Patient presented with severe symptoms mapping to Malaria. Advised rest and hydration.', 'Generic medication prescribed.'),
('Patient 48', '1048', '9001', 'Anjali Sharma', 'Apollo General Hospital', 'Patient presented with severe symptoms mapping to Typhoid and early stage Tuberculosis. Advised rest and hydration.', 'Generic medication prescribed.'),
('Patient 49', '1049', '9001', 'Anjali Sharma', 'Apollo General Hospital', 'Patient presented with severe symptoms mapping to Cholera. Advised rest and hydration.', 'Generic medication prescribed.');
